{
    "norm_stats": {
        "state": {
            "mean": [
                0.4910813271999359,
                0.4803996682167053,
                0.4954184591770172,
                0.5258393287658691,
                0.5031407475471497,
                0.465099573135376,
                0.501028299331665
            ],
            "std": [
                0.2672997713088989,
                0.29449528455734253,
                0.2796185314655304,
                0.2808086574077606,
                0.29084181785583496,
                0.2773698568344116,
                0.28882336616516113
            ],
            "q01": [
                0.02271677765995264,
                0.012839374104514719,
                0.023960779374465346,
                0.0031485697394236923,
                0.005412264531478286,
                0.006652949368581176,
                0.042861082330346106
            ],
            "q99": [
                0.9873158985376358,
                0.990011192560196,
                0.9895277744531632,
                0.9817205178737641,
                0.9722906029224396,
                0.9584607207775118,
                0.9777024543285371
            ]
        },
        "actions": {
            "mean": [
                0.5324456691741943,
                0.5073164105415344,
                0.5395134687423706,
                0.2539927065372467,
                0.2922113537788391,
                0.23057560622692108,
                0.48677635192871094
            ],
            "std": [
                0.2979682981967926,
                0.30795755982398987,
                0.2828681170940399,
                0.20688988268375397,
                0.2135448157787323,
                0.1792486011981964,
                0.32111844420433044
            ],
            "q01": [
                0.006557764546014369,
                0.02213337770663202,
                0.04999520212411881,
                0.004431603231932968,
                0.006152403452433646,
                0.0011835086392238737,
                0.011979662217199802
            ],
            "q99": [
                0.9921884816884995,
                0.9561938959360125,
                0.992312371134758,
                0.8226781511306764,
                0.7923624408245094,
                0.6982986187934875,
                0.9908267712593078
            ]
        }
    },
    "metadata": {
        "source": "dexjoco_mock_data",
        "action_dim": 7,
        "state_dim": 7
    }
}