{
  "norm_stats": {
    "state": {
      "mean": [
        0.3262784481048584,
        -0.07109253853559494,
        0.1599382758140564,
        0.9022996425628662,
        0.1780555546283722,
        -0.3139837980270386,
        153.95497131347656,
        131.83078002929688,
        187.06939697265625,
        187.63587951660156,
        176.70379638671875,
        146.0696563720703
      ],
      "std": [
        0.04536924883723259,
        0.09163662791252136,
        0.04527955874800682,
        2.8866870403289795,
        0.20957915484905243,
        0.320528119802475,
        41.113643646240234,
        51.39115905761719,
        44.5987663269043,
        45.96485900878906,
        58.469295501708984,
        70.87377166748047
      ],
      "q01": [
        0.23600299656391144,
        -0.27945399284362793,
        0.07244779169559479,
        -3.1396334171295166,
        -0.26821139454841614,
        -1.0393282175064087,
        45.0,
        17.0,
        64.0,
        48.0,
        5.0,
        5.0
      ],
      "q99": [
        0.44220393896102905,
        0.08224339783191681,
        0.28124985098838806,
        3.1397829055786133,
        0.668080747127533,
        0.46744996309280396,
        254.0,
        220.0,
        242.0,
        244.0,
        242.0,
        231.0
      ]
    },
    "actions": {
      "mean": [
        0.32623836398124695,
        -0.07139664143323898,
        0.15986420214176178,
        0.902989387512207,
        0.17816731333732605,
        -0.3149677813053131,
        141.9683380126953,
        127.87020874023438,
        181.066650390625,
        187.356201171875,
        177.2425537109375,
        146.6974639892578
      ],
      "std": [
        0.045282572507858276,
        0.09164544194936752,
        0.04506784304976463,
        2.8867340087890625,
        0.2090328484773636,
        0.3201623260974884,
        41.463436126708984,
        54.54023361206055,
        53.23354721069336,
        47.963584899902344,
        58.54759979248047,
        70.38888549804688
      ],
      "q01": [
        0.23615410923957825,
        -0.278969943523407,
        0.07278592139482498,
        -3.1398632526397705,
        -0.26653793454170227,
        -1.039483666419983,
        39.40728759765625,
        6.077408313751221,
        38.41389846801758,
        32.30240249633789,
        6.881175518035889,
        6.943575382232666
      ],
      "q99": [
        0.4420158565044403,
        0.08203970640897751,
        0.2810777425765991,
        3.140350103378296,
        0.6673228740692139,
        0.46682265400886536,
        226.11474609375,
        210.24620056152344,
        243.25430297851562,
        245.12136840820312,
        243.3245849609375,
        228.90859985351562
      ]
    }
  },
  "metadata": {
    "data_dir": "/home/keep/Desktop/project/X-RLinf/dataset",
    "subsets": [
      "franka-l6-20260503"
    ],
    "num_demos": 111,
    "num_steps": 57649,
    "state_dim": 12,
    "action_dim": 12,
    "state_labels": [
      "ee_x",
      "ee_y",
      "ee_z",
      "ori_r",
      "ori_p",
      "ori_y",
      "hand_0",
      "hand_1",
      "hand_2",
      "hand_3",
      "hand_4",
      "hand_5"
    ],
    "action_labels": [
      "dx",
      "dy",
      "dz",
      "dr",
      "dp",
      "dyaw",
      "hand_0",
      "hand_1",
      "hand_2",
      "hand_3",
      "hand_4",
      "hand_5"
    ]
  }
}