{
  "norm_stats": {
    "state": {
      "mean": [
        0.2961001396179199,
        -0.0909116268157959,
        0.29944998025894165,
        0.2961001396179199,
        -0.0909116268157959,
        0.29944998025894165,
        0.0,
        0.0,
        0.0,
        0.0,
        0.0,
        0.0
      ],
      "std": [
        0.0683712363243103,
        0.06829070299863815,
        0.13816620409488678,
        0.0683712363243103,
        0.06829070299863815,
        0.13816620409488678,
        0.0,
        0.0,
        0.0,
        0.0,
        0.0,
        0.0
      ],
      "q01": [
        0.10793078690767288,
        -0.23176895081996918,
        0.09937344491481781,
        0.10793078690767288,
        -0.23176895081996918,
        0.09937344491481781,
        0.0,
        0.0,
        0.0,
        0.0,
        0.0,
        0.0
      ],
      "q99": [
        0.4392606019973755,
        0.03418506309390068,
        0.5513704419136047,
        0.4392606019973755,
        0.03418506309390068,
        0.5513704419136047,
        0.0,
        0.0,
        0.0,
        0.0,
        0.0,
        0.0
      ]
    },
    "actions": {
      "mean": [
        0.29501646757125854,
        -0.09063485264778137,
        0.2989669740200043,
        0.71723872423172,
        0.21584701538085938,
        0.00836606603115797,
        177.07778930664062,
        165.06350708007812,
        219.40802001953125,
        210.5688018798828,
        204.58135986328125,
        201.1853485107422
      ],
      "std": [
        0.06945541501045227,
        0.06949200481176376,
        0.13985756039619446,
        2.9278268814086914,
        0.21747078001499176,
        0.26941201090812683,
        38.445274353027344,
        30.423641204833984,
        25.812314987182617,
        28.164236068725586,
        38.567386627197266,
        43.27983093261719
      ],
      "q01": [
        0.107758067548275,
        -0.24280481040477753,
        0.09859047085046768,
        -3.1380679607391357,
        -0.17892293632030487,
        -0.7269141674041748,
        74.86040496826172,
        85.2938461303711,
        139.96286010742188,
        110.28975677490234,
        79.05253601074219,
        57.5521354675293
      ],
      "q99": [
        0.43884286284446716,
        0.03508678823709488,
        0.5551115870475769,
        3.13865327835083,
        0.7024405002593994,
        0.5035484433174133,
        251.5522003173828,
        243.83251953125,
        243.3720703125,
        245.16049194335938,
        243.51451110839844,
        240.29452514648438
      ]
    }
  },
  "metadata": {
    "data_dir": "/kaggle/input/datasets/cathycathy123",
    "subsets": [
      "franka-spatial"
    ],
    "num_demos": 150,
    "num_steps": 69847,
    "state_dim": 12,
    "action_dim": 12,
    "state_labels": [
      "ee_x",
      "ee_y",
      "ee_z",
      "ori_r",
      "ori_p",
      "ori_y",
      "hand_0",
      "hand_1",
      "hand_2",
      "hand_3",
      "hand_4",
      "hand_5"
    ],
    "action_labels": [
      "dx",
      "dy",
      "dz",
      "dr",
      "dp",
      "dyaw",
      "hand_0",
      "hand_1",
      "hand_2",
      "hand_3",
      "hand_4",
      "hand_5"
    ]
  }
}